soma_center_1,soma_center_2,soma_angle,soma_polar_angle,axon_bias_1,axon_bias_2,bias_angle,pc_ratio,center_bias_angle,labels_all
322,766,1.23571322910411,0.328847647054587+0.944382986413172i,0.057723979808907,0.99833258093434,88,0.757596813786287,15.8896673963552,VISa
432,684,0.646896681481544,0.797958048340987+0.602712993959682i,-0.801773703185067,0.597627751096703,-36,0.13040315803942,106.235364276467,VISa
313,759,1.26293376832922,0.303022383812831+0.952983438947598i,-0.324561950812552,-0.945864440649267,72,0.79768602574377,178.700187239527,VISa
344,727,1.07524465330907,0.475517034365474+0.879706513576127i,-0.658534354617803,0.752550665263219,-48,0.633128575840916,69.5812093299089,VISa
334,726,1.11588212020252,0.439385247314075+0.898298727842108i,0.994936165413551,0.100508839174365,7,0.561811647314187,58.1668634788145,VISa
329,762,1.20210042413685,0.360399279202163+0.932798134405597i,-0.783059923494464,0.621946264734217,-37,2.95383168646029,72.6663183971999,VISa
166,694,2.0449147573004,-0.456554296231787+0.889695551631174i,0.772632478699355,-0.634853568044546,-38,1.82260336362668,156.574109786177,VISC
157,519,-2.88313771738177,-0.966786030335291-0.25558711146795i,0.51530421108945,-0.857007333710441,-58,4.14349949941114,106.209414006778,VISC
140,690,2.1833338834052,-0.5749455167129+0.818191696860666i,0.991804453656486,-0.127765119289888,-6,0.303882608959336,132.43628291257,VISC
123,544,3.12506523298707,-0.999863425292999+0.0165266681866611i,-0.322076919129629,0.946713503740158,-70,2.12084570147115,70.2644738057182,VISC
159,635,2.31128089472256,-0.674645670629838+0.738141733747941i,-0.300955529595941,-0.953638175203587,73,0.302636290560607,120.058355985331,VISC
113,695,2.27888409601285,-0.650382417226145+0.759606945309925i,-0.770171174950388,0.637837252969391,-39,1.53078500382009,9.79882200127561,VISC
134,562,2.96173915379732,-0.983869910099907+0.178885438199983i,-0.49395208275938,0.869489125830606,-59,0.992466582446268,50.0944803292952,VISC
274,780,1.44540720645338,0.125060808231819+0.992149078639095i,0.26073276419789,-0.965411013855615,-74,0.662612840635968,157.702186395257,VISrl
222,798,1.65652320256564,-0.0856219118234801+0.996327701218676i,0.993100922033528,-0.117262776089244,-6,1.06865240573471,101.64594395957,VISrl
246,809,1.56330583018503,0.00749042656450522+0.999971946361438i,-0.338825677063671,0.940849169932325,-69,1.46636485880198,20.2345179622156,VISrl
233,825,1.60964602766345,-0.0388399289685757+0.999245445282447i,0.645173359728095,-0.764036213734115,-49,2.45853779857561,142.047249265165,VISrl
290,729,1.32959598322003,0.238868394200398+0.971051950336399i,-0.859290092958574,-0.51148854937647,32,0.263866679336049,134.5827939316,VISrl
250,761,1.54340591832003,0.0273869837318728+0.999624906213361i,-0.708976143964637,0.705232463297766,-44,1.15159724196445,46.721027337301,VISrl
210,805,1.69936083810492,-0.128210633660857+0.991746960376628i,-0.126916115299482,-0.991913453723302,84,0.605697688539987,165.34237358999,VISrl
223,813,1.64813255209055,-0.0772591584138089+0.997011044292484i,0.607773780849373,-0.794110213579991,-52,1.104774423584,147.002332998662,VISrl
283,742,1.37821304933498,0.191395051403356+0.981513084119772i,-0.851659750376979,0.524095095939488,-31,0.59644463360601,69.4268634903839,VISrl
271,795,1.46447935614502,0.106116795077569+0.994353672393513i,0.642661275911787,-0.766150431993244,-49,0.945217279908931,133.917934687305,VISrl
300,737,1.29114257247657,0.276022870709801+0.961151067650201i,-0.85050614824711,0.525965105110468,-31,0.484977041881809,74.2897434444563,VISrl
286,763,1.38299070834492,0.186703550023412+0.982416298932716i,-0.9290124680749,0.37004842137399,-21,1.9401969441869,79.0418657210016,VISrl
341,686,0.97800142766607,0.558681242274517+0.829382462758046i,-0.633129172894624,0.774046155232212,-50,0.861671366184491,73.2460122568773,SSp-tr
313,695,1.14712740491738,0.411107753106818+0.911586756889032i,-0.714786927592642,0.699342296835156,-43,1.00933121212885,69.9001809614078,SSp-tr
350,673,0.890494737529378,0.629027503003773+0.777383046165041i,0.295933077229391,0.955208675526737,74,0.279031744032113,21.7649126660715,SSp-tr
362,678,0.856146031151056,0.655353317218009+0.755322467302113i,-0.321378441685548,0.946950842029178,-70,2.00634617922947,59.6927534603718,SSp-tr
422,685,0.676792922927639,0.779585304186869+0.626296058981586i,-0.600402512795739,0.799697957124165,-52,0.204329705604956,88.1213528557116,SSp-tr
367,684,0.856973796586072,0.65472786293609+0.755864687292071i,0.653622685657067,0.756820576355085,50,0.0262405973866862,0.0837212921375796,SSp-tr
382,604,0.422251153451272,0.912168696110691+0.409814921441035i,0.918061326882311,-0.396438393805507,-22,0.553410711265928,47.5489222255199,SSp-ll
384,536,-0.0428309326687273,0.99908289581767-0.0428178383921858i,-0.0860437033441896,0.996291363565306,-84,1.51168733037582,97.3900762380686,SSp-ll
381,588,0.323938734711642,0.947989064020021+0.318302897408182i,-0.751487726417327,0.659747070508174,-40,0.187019185779252,120.159091875955,SSp-ll
389,637,0.580002774207681,0.836461129579753+0.548026257310873i,0.93198438168745,0.362498430742342,22,0.251122087635543,11.9779983562001,SSp-ll
380,546,0.0294032882040051,0.999567754464353+0.0293990516018927i,0.752134021702842,0.659010177005719,42,0.172163305106903,39.5397425696496,SSp-ll
412,586,0.256151382565603,0.967372223380245+0.253359391837683i,-0.0748836174692215,-0.997192280272327,87,0.74868826229961,108.970928409748,SSp-ll
381,574,0.229462667006173,0.973788754282965+0.227454307569744i,-0.445182991390141,0.895439615036618,-63,0.22994735110733,103.287804719888,SSp-ll
399,623,0.481548509986558,0.886278789945259+0.463152141842361i,-0.354886418907787,0.934909423246342,-68,1.26130548741987,83.1957861672949,SSp-ll
385,651,0.658090421526594,0.7911615851791+0.61160718286895i,-0.554152461308132,0.832415190650759,-55,0.825840873079269,85.9465545540438,SSp-ll
411,614,0.407057847879434,0.918289620989376+0.395909297672066i,-0.298445569705491,0.954426656125637,-72,0.855209624930945,84.0415676370421,SSp-ll
411,579,0.218034830549931,0.976324422838784+0.216311399072066i,0.76931151609613,0.638873846077513,41,0.350303560380958,27.2154206277289,SSp-ll
366,615,0.539213228238052,0.858112923537097+0.513461011624657i,-0.219441858628042,0.975625579144925,-76,0.699155362265246,71.7816105558011,SSp-ll
375,646,0.671006132324789,0.783196475179278+0.621774300905686i,0.936738685187394,0.350029478292032,21,0.66578128919901,17.9567012607862,SSp-ll
409,626,0.470893858980703,0.891163115601492+0.453683040669851i,-0.859898685840947,0.510464739319977,-30,1.2062089293172,122.324978528298,SSp-ll
396,583,0.263466541034917,0.965492993133661+0.260429031042632i,0.837463213369156,0.54649370193389,34,0.328578126834972,18.0312763657358,SSp-ll
356,633,0.682316554874748,0.776114000116266+0.630592625094466i,-0.915165263778993,-0.403078826003458,25,2.40249794291651,164.676933510266,SSp-ul
339,514,-0.286621242225453,0.959204567325331-0.282712925106413i,0.41949216177658,0.907758958208627,66,1.15581825825339,81.619657803586,SSp-ul
286,484,-0.94405342558385,0.586509812151843-0.809942121543021i,-0.278512945424328,-0.960432475102266,75,0.391045791634783,52.0811957595038,SSp-ul
291,466,-1.0169419343231,0.525969302289147-0.85050355263777i,0.713233341870821,0.700926672372924,46,0.416824450120024,102.767879262917,SSp-ul
322,500,-0.493941368919581,0.880471099922175-0.474099823035017i,-0.91586697749024,-0.401481854562435,25,0.261475995828534,128.028395135393,SSp-ul
346,553,0.107427953604656,0.994235164810302+0.107221439342287i,-0.695669084625155,-0.718362390925917,47,0.151998710402877,140.235726955241,SSp-ul
296,498,-0.702256931509007,0.763386285369115-0.645942241466174i,-0.8141317295383,-0.580680227800962,36,0.221702089543956,104.265241218464,SSp-ul
348,620,0.643501108793284,0.8+0.6i,0.0541014019810601,-0.998535446693648,-86,0.373334744730274,123.768601494203,SSp-ul
335,516,-0.278299659005111,0.961523947640823-0.274721127897378i,0.585951602297258,0.810346049392034,55,2.03529185060378,70.0751510677247,SSp-ul
310,504,-0.522403431716529,0.866622456874169-0.498964444866946i,0.281056527905398,0.959691214986238,75,0.284961767896892,103.608240131282,SSp-ul
309,598,0.711154711745867,0.75760869046168+0.652709025628525i,0.136838472228693,0.990593373952257,83,0.428014965554439,41.3888931424775,SSp-ul
329,501,-0.449430557471317,0.900694644221282-0.43445271074203i,-0.487844023235951,-0.872930815696732,62,0.861321100884312,93.4484995877732,SSp-ul
363,529,-0.108812204817245,0.994085790897867-0.108597607409011i,-0.98527320179697,0.17098747854959,-9,0.640375550696945,176.389241996993,SSp-ul
341,563,0.213204519389454,0.977357880408164+0.211592943181149i,-0.397679053674829,0.917524588372591,-66,0.791644390163138,101.217445737291,SSp-ul
333,563,0.231716841190451,0.973273559032993+0.22964881729992i,0.999937828164911,0.0111507759747928,2,1.09567249933175,12.6374913999642,SSp-ul
311,566,0.343969119723361,0.941423592781909+0.337226361593519i,0.9102983252215,-0.413952846467968,-23,0.401728676519137,44.16136837653,SSp-ul
315,592,0.613556145511917,0.817605639393119+0.575778619290929i,-0.938980614095404,-0.343970066071188,21,0.640950359726546,164.964759819562,SSp-ul
337,581,0.397079445224982,0.922194381828531+0.386726676250674i,-0.770523917877207,-0.637411085547749,41,0.15969096902771,163.151935899469,SSp-ul
337,619,0.691556950768112,0.770254023555834+0.637737202298916i,0.658475377795862,-0.752602270018233,-48,1.82693567783677,88.4395947360338,SSp-ul
305,468,-0.881398453766934,0.636072678831856-0.771629151369793i,0.221829162702579,0.975085546285387,78,0.829518154031172,127.683920200762,SSp-ul
347,517,-0.238113782410011,0.971784605540551-0.235870049888483i,-0.350184418750852,-0.936680774257766,71,1.23478716373902,96.8556806250302,SSp-ul
356,527,-0.133136327551648,0.991150442477876-0.132743362831858i,-0.311455492818469,0.950260741056477,-71,1.42424198566731,115.775116822029,SSp-ul
347,526,-0.154108116565426,0.988148826849317-0.153498846889214i,0.00256813400253368,-0.999996702338435,-89,0.805377122007891,81.0231119307786,SSp-ul
298,486,-0.803577978470427,0.694135570584232-0.719844295420685i,0.994317138827517,-0.10645857144383,-5,0.365382274199356,39.9304190660629,SSp-ul
339,535,-0.0735512904885398,0.99729632302441-0.0734849922228512i,-0.191068038462181,-0.981576795099708,80,3.06210161196117,96.8009417353696,SSp-ul
335,534,-0.0876866551295005,0.996157987955849-0.0875743286115032i,0.12591457179419,0.992041088166153,84,0.0918415017498895,87.7905010540688,SSp-ul
374,537,-0.038442590021188,0.999261174631314-0.0384331221012044i,-0.917234813078544,0.398346956404549,-22,0.596190044316319,158.727718822695,SSp-ul
362,541,-0.00847437340297062,0.999964092712604-0.00847427197214072i,-0.0600847907799218,0.998193276834168,-86,2.71384121597779,93.9302255321438,SSp-ul
369,525,-0.135170698649009,0.990878342383945-0.134759454564217i,-0.966426990937027,-0.256941376948913,16,1.28335049248557,157.366638091061,SSp-ul
324,549,0.0872777129494614,0.996193717496113+0.0871669502809099i,-0.561717023305826,0.827329429990522,-55,0.539095194864204,119.173980109846,SSp-ul
347,574,0.301225577862386,0.954973588715859+0.296690823678713i,-0.546426852610829,-0.837506832656202,58,0.9800580969664,140.381178066948,SSp-ul
340,661,0.891969605468326,0.627880281947033+0.778309932830177i,-0.843269750190944,0.537490584487675,-32,1.16769872104253,96.3809312567051,SSp-ul
297,512,-0.515072817018782,0.87025685507146-0.49259821985177i,0.720375851432435,0.693583904565983,45,1.88322956935018,73.4259784067811,SSp-ul
305,554,0.194240996181404,0.981194456491118+0.193021860293335i,0.416519802896006,0.909126643430646,66,0.816780636786273,54.2557484786297,SSp-ul
336,566,0.255182390620818,0.967617272396844+0.252421897147003i,-0.681434132106995,-0.731879446083566,48,0.500370414557993,147.576687074219,SSp-ul
323,599,0.625022719421498,0.81094982622436+0.585115697402386i,0.0927628265770316,0.995688233336841,86,0.460459451388065,48.8662655234676,SSp-ul
322,504,-0.453338695854563,0.89898986883727-0.437969423279695i,0.482939661352827,0.875653632147104,62,0.189656512393745,87.096821367673,SSp-ul
274,448,-1.26186558287115,0.304040173793197-0.952659211218683i,-0.699201164690808,0.714924982984241,-45,0.579213964607212,153.337479371715,SSp-m
250,470,-1.48765509490646,0.08304547985374-0.99654575824488i,0.691769608027821,-0.722118279376056,-45,1.67398796567626,39.0067107377336,SSp-m
229,503,-1.93797016061312,-0.358979079308869-0.93334560620306i,0.737299295346401,0.675566243296466,43,0.43520411953608,153.535648722278,SSp-m
176,511,-2.71385774120355,-0.909907665979781-0.414810847726077i,-0.952498131052595,0.304544430816448,-17,1.62043364608752,42.2381631106024,SSp-m
257,504,-1.24117191937415,0.32368767906299-0.946163984953356i,-0.59171524821202,0.806147049261726,-53,0.193131288108179,162.607265244845,SSp-m
231,421,-1.67782379984427,-0.106823258903709-0.994278025180679i,-0.973560630131978,0.228428762324331,-12,0.106639126700967,97.0723615550015,SSp-m
293,446,-1.09885015310942,0.454620573351053-0.890685204932674i,-0.612741020273739,0.790283773130828,-51,1.25760284760943,169.252562353458,SSp-m
290,447,-1.11985989755752,0.43580854827079-0.900039393167936i,-0.871669933272298,0.490093386436776,-28,1.09156632618921,145.183474002668,SSp-m
196,487,-2.28833766733604,-0.657534246575342-0.753424657534247i,-0.981152318638184,0.193235937731354,-10,0.307461210555865,60.0295999371984,SSp-m
197,496,-2.36694676398345,-0.714668765993523-0.699463047568129i,0.95708839398547,0.28979614576166,18,0.528066645553116,152.461811870839,SSp-m
226,400,-1.69688442185949,-0.125754264752633-0.992061421937435i,0.634698481956243,0.772759883147696,52,0.488831668437733,147.826690670402,SSp-m
236,462,-1.67046497928606,-0.0995037190209989-0.995037190209989i,-0.774469629029308,-0.632611091991917,40,0.46188567610294,45.0463788933364,SSp-m
255,410,-1.48765509490646,0.08304547985374-0.99654575824488i,0.633102356170767,0.774068089131068,52,0.677737412035507,135.956976865732,SSp-m
239,485,-1.65829166759729,-0.0873837477148442-0.996174723949222i,0.601974448060663,0.79851534980992,54,1.18543811443346,148.001675418668,SSp-m
201,491,-2.27129269674262,-0.644597252536441-0.764522322775779i,-0.895901020805439,-0.444253712330884,27,0.602315045390072,23.4889130585583,SSp-m
195,493,-2.35619449019234,-0.707106781186547-0.707106781186548i,-0.911464569162783,-0.411378583741183,25,0.31491025192975,20.7085352612593,SSp-m
248,457,-1.52377219495215,0.0470068032581242-0.998894569235138i,-0.422778828623532,-0.90623289615182,66,1.31927008332932,27.7044355706269,SSp-m
231,461,-1.72993305259359,-0.158465899510204-0.987364450794347i,-0.556243376746382,0.831019437694319,-55,0.269532715270902,137.085738994808,SSp-m
253,487,-1.40859749333151,0.161488568110541-0.98687458289775i,0.682146535423129,0.73121549779133,48,0.998748571900995,127.69508193588,SSp-m
201,501,-2.37999951637741,-0.723737544966637-0.69007533357284i,0.170390919728977,-0.985376544511748,-79,0.393081322522421,56.1744762576,SSp-m
205,529,-2.81984209919315,-0.948683298050514-0.316227766016838i,0.833171906656515,-0.553014081157386,-33,0.126963521227546,127.991012904236,SSp-m
271,438,-1.3167885636683,0.251285133416822-0.967913106494426i,-0.936076371042639,-0.351796855551102,22,0.774569883807916,83.956314516304,SSp-m
197,455,-2.06610755787132,-0.475305501868389-0.879820822607444i,-0.997020057303875,-0.0771427594384382,5,0.230157619399711,57.1964067343782,SSp-m
204,482,-2.15879893034246,-0.554700196225229-0.832050294337844i,0.972810955804916,-0.231600613699372,-12,0.0787364433387987,110.298742629494,SSp-m
192,485,-2.31035506431123,-0.673961987522215-0.738766024783967i,-0.107521274463346,0.994202783911702,-83,0.462507042952108,131.453958116788,SSp-m
278,493,-0.96419121820037,0.570081548206294-0.821588113591424i,-0.9964272228818,0.0844558434927036,-4,1.06138276438975,129.600647035156,SSp-m
279,459,-1.17173537821876,0.388553247099925-0.921426271694108i,0.96570855718971,0.25962854729511,16,0.683829742685495,82.1835144819879,SSp-m
181,446,-2.15155268036257,-0.548656441486822-0.836047910837063i,0.996683988340819,0.081369695741339,6,0.160837622293774,127.94218821311,SSp-m
255,397,-1.49507928745454,0.0756447115614352-0.997134834218917i,0.0598142401490973,0.998209525438114,88,0.27797897598488,172.232582846686,SSp-m
249,418,-1.53049557849112,0.0402898401108121-0.999188034748137i,-0.435368908728756,-0.900252138743548,65,0.137115132602239,28.1178332233816,SSp-m
251,443,-1.50020673697602,0.070530981060383-0.997509589282559i,-0.90772704154032,-0.419561220868253,26,0.786616019371819,69.2375969425187,SSp-m
244,448,-1.5707963267949,6.12323399573677e-17-1i,0.865518589341139,-0.500876802721911,-29,0.357265476427132,59.9419742249267,SSp-m
287,447,-1.14575613392224,0.412357398674147-0.911022159861488i,-0.980672905084552,-0.195654422983546,12,0.791339485244251,103.070053485227,SSp-m
300,467,-0.929431966886443,0.598289232484683-0.8012802220777i,0.827352634638668,0.561682844634278,35,1.12968717788299,87.4247867818506,SSp-m
270,470,-1.22425746236095,0.339644463777557-0.940553899691695i,0.698762039238517,0.715354186762913,47,0.520682537702931,115.817019204537,SSp-m
256,480,-1.37961186719788,0.190021906565861-0.981779850590281i,-0.422897673848994,-0.906177442586776,66,0.805221409332204,35.9717280391342,SSp-m
250,507,-1.40101805282656,0.168963815110846-0.985622254813267i,0.872704375129926,0.488248987330322,30,0.849742919763688,109.497978877363,SSp-m
252,513,-1.3016288340092,0.265928998125813-0.963992618206074i,-0.918968588248447,-0.394330741653064,24,2.62985278372005,82.1979206483035,SSp-m
214,530,-2.76108627647743,-0.928476690885259-0.371390676354104i,-0.614326699907616,0.789051776362374,-51,1.38732216083798,73.898396103353,SSp-m
226,534,-2.72336832401056,-0.913811548620257-0.406138466053448i,-0.479440717744202,0.877574269317945,-60,3.89222857769933,85.3136081947357,SSp-m
262,523,-0.812418612584713,0.687744647910783-0.725952683905827i,0.906820382787228,0.42151725155873,26,0.973874453807178,71.4785727353512,SSp-m
195,524,-2.78954833927438,-0.938669759516728-0.344817462679614i,-0.994811288331753,0.101737410069835,-5,0.25667251470262,26.0098804804841,SSp-m
193,535,-3.00519004918885,-0.990711579604409-0.135980020730017i,-0.8359225218044,0.548847462907657,-32,0.546463664213377,41.1032735348444,SSp-m
195,516,-2.65375621493015,-0.883349020694929-0.468715806899351i,0.257975495792848,-0.96615145995358,-74,0.679058208908026,76.9990000416408,SSp-m
243,412,-1.57848848277055,-0.00769208011933942-0.999970415514098i,-0.985525907044621,-0.169524884733414,11,0.662457309121259,79.7990759185198,SSp-m
260,433,-1.42504820008646,0.145232665002071-0.98939753032661i,-0.0832109818377481,0.996531952574325,-84,0.237133092450543,176.422404658078,SSp-m
244,443,-1.5707963267949,6.12323399573677e-17-1i,-0.956915937895812,0.290365093978216,-16,0.132991768765618,106.879814926736,SSp-m
255,418,-1.48231825431392,0.0883626778199697-0.996088368152386i,-0.334562164425022,-0.942373682853699,71,0.734763094111631,24.6153357283967,SSp-m
276,460,-1.19872856793678,0.363542485652706-0.93157761948506i,0.778220687364338,0.627990893053536,40,0.571939294611199,107.584137050896,SSp-m
257,458,-1.41725254425534,0.152941176470588-0.988235294117647i,-0.647731520734768,-0.761868674409589,51,0.614074222161698,49.1681965164857,SSp-m
281,473,-1.07858505995533,0.472575809363357-0.881290022866802i,0.822945671436873,0.568120076976086,36,0.74156927186761,96.4176085537122,SSp-m
285,459,-1.11197959808807,0.442887523222738-0.896577181158225i,0.810356662901214,0.585936923987223,37,0.538319773471148,99.5809448804359,SSp-m
224,451,-1.78713698816819,-0.214657030690331-0.976689489641007i,0.829170078358593,-0.558996405314744,-33,0.294647032265677,68.4089859714041,SSp-m
251,495,-1.42294696153614,0.147311303088781-0.989090177881817i,0.474804976419456,0.880091037545162,63,0.920012926339941,143.18220254365,SSp-m
220,503,-2.12245130932344,-0.524097425664335-0.851658316704544i,-0.99315469204357,-0.116806496702202,8,0.170015984426822,51.6846657515128,SSp-m
222,431,-1.76645878612695,-0.194416396581318-0.980919091842103i,0.387472777832774,0.921881145505511,68,1.23343194938239,168.413293750762,SSp-m
237,417,-1.62673789802846,-0.0559123979861758-0.998435678324566i,0.960971208092637,0.276648399989912,17,0.953807613137362,109.265488084867,SSp-m
250,420,-1.52165559237888,0.0491209591997935-0.998792837062467i,0.800785689163167,0.598950982995664,38,0.429866015710406,123.97924753871,SSp-m
242,424,-1.5877438566013,-0.0169467185432877-0.999856394053973i,-0.645087537445125,0.764108676192715,-49,0.650416845383638,138.856739025845,SSp-m
204,471,-2.08385423620394,-0.490843733940776-0.871247627744878i,-0.257669995741731,0.966232980856303,-74,1.46190776178004,135.672094412063,SSp-m
229,438,-1.71403927560658,-0.142753595036809-0.989758258921878i,-0.509169288054336,0.860666390712592,-58,0.385933247532248,141.184271321911,SSp-m
223,435,-1.76459477985723,-0.192587620551195-0.981279780903708i,-0.872044813800996,-0.489426033965078,30,0.971868157592407,49.5933031302077,SSp-m
219,449,-1.83340540481194,-0.259601060869172-0.965715946433319i,0.883213367848569,-0.468971371038349,-27,0.317869777266973,77.0788451317026,SSp-m
253,446,-1.47731954563631,0.0933407086930583-0.995634226059288i,-0.936372536062764,-0.351007797217365,22,0.824807034040178,74.8068561604456,SSp-m
230,447,-1.71711161479993,-0.145793789599497-0.989315000853731i,-0.266835981540646,0.96374195662285,-74,0.427747456558965,156.14067580921,SSp-m
222,453,-1.81312949344791,-0.239968270756075-0.970780731695031i,-0.394360222557313,0.918955937390116,-66,0.35641938464771,142.889253558612,SSp-m
195,498,-2.40990621949558,-0.744048711529002-0.66812537361788i,-0.842811121258483,-0.538209451684953,34,0.249065799622166,9.36071314657155,SSp-m
284,511,-0.659310068332858,0.790415052175244-0.612571665435814i,-0.012690944069461,0.999919466726509,-88,1.51798401190861,128.502841359389,SSp-m
200,514,-2.57486343606629,-0.843661487732107-0.536875492193159i,-0.563791884168882,-0.825916891306445,57,0.440596395976208,23.2103681248191,SSp-m
282,469,-1.09084581447543,0.461735279654673-0.887017774073451i,0.0734581522448834,-0.997298300343868,-85,0.726685727928451,23.2865021932775,SSp-m
220,480,-1.94012998446852,-0.360994102557712-0.93256809827409i,0.789930126119601,0.613196865491557,39,0.183036357795302,148.982277665314,SSp-m
185,535,-3.0235006251707,-0.993035236117013-0.11781773987829i,-0.443364698465154,0.896341310079427,-63,1.94717976905952,70.4474147949688,SSp-m
243,519,-1.61424722218643,-0.0434372242763069-0.99905615835506i,0.221649410158551,0.975126422048119,78,0.162663062982155,169.683623645069,SSp-m
217,468,-1.92065192865199,-0.342762160205844-0.939422216860461i,0.916351912028558,0.400373792001431,25,1.24956884979833,133.646797524228,SSp-m
173,510,-2.71815324743007,-0.91168108856921-0.410898518791757i,-0.994549228020209,0.104268082577583,-5,1.78580264091707,30.2462901676384,SSp-m
160,555,2.98804887105024,-0.988235294117647+0.152941176470588i,-0.451942336480453,0.892047153740534,-62,0.23054512638869,54.3342185957765,SSp-n
140,596,2.66267905504221,-0.88749607680174+0.460815270647057i,0.966934733650834,0.255023961344011,16,0.590580528954108,137.78526707456,SSp-n
209,580,2.31512171160189,-0.67747575475179+0.735545105159087i,0.0394033760123211,-0.999223385414309,-87,0.192426066682687,139.611528632363,SSp-n
186,583,2.5262531117844,-0.816577498283946+0.577235817752444i,-0.997409371031574,0.0719343212826821,-3,0.878492595225246,31.1312628881447,SSp-n
164,602,2.49809154479651,-0.8+0.6i,0.995432130012336,0.0954718520774815,6,1.49346248540557,137.651623965809,SSp-n
190,545,3.08609414834408,-0.998460353205412+0.0554700196225231i,0.541129960364637,-0.840938978758725,-56,0.630099325910393,125.940423437121,SSp-n
212,525,-2.65325870253339,-0.883115719457411-0.469155225961749i,0.983355554659957,-0.181691642954234,-9,1.57936402344401,141.552216862815,SSp-n
147,536,-3.07981569202944,-0.998092410301963-0.0617376748640391i,-0.3214952816268,-0.946911180571707,72,0.0935820028709251,67.7070635265465,SSp-n
247,573,1.47432255161231,0.0963241948601903+0.9953500135553i,-0.988973171111417,0.148094789988803,-8,0.740454255676227,87.0110071943996,SSp-n
201,597,2.23435205317243,-0.615921966397541+0.787807166322436i,-0.32599824856561,0.945370372886814,-70,0.172713897418111,18.9928780516194,SSp-n
249,593,1.47306941943618,0.0975714240313705+0.99522852511998i,-0.426271249079498,-0.904595391436528,66,0.515382501104767,160.368183440697,SSp-n
229,618,1.76566024648377,-0.19363303189666+0.981074028276412i,-0.985609617356652,0.16903751706078,-9,1.00590650781441,69.1032568327442,SSp-n
201,572,2.53242918792902,-0.820126954301183+0.572181596024081i,-0.830991036782198,0.556285804948901,-33,2.15024165531215,1.10317204369162,SSp-n
193,562,2.76786583362424,-0.930973198487063+0.365087528818456i,-0.975385444682326,0.220506767020566,-12,0.321806661278949,8.67416988110164,SSp-n
235,607,1.70838306326525,-0.137153058475343+0.990549866766363i,0.659193973777211,-0.75197294162477,-48,0.263704535521454,146.644709729244,SSp-n
208,564,2.59304325113927,-0.853281833651959+0.521450009453975i,0.808795736323932,0.588089667401349,37,0.909909554217586,112.548872308882,SSp-n
204,567,2.58299333824623,-0.847998304005088+0.52999894000318i,-0.7522868060604,-0.658835762104216,42,0.247525218192292,73.2165249329793,SSp-n
240,596,1.64473536445284,-0.0738716855153119+0.997267754456709i,0.0566557431489466,-0.998393773402179,-86,0.126979350814326,179.011479295419,SSp-n
240,594,1.64756821806467,-0.0766964988847371+0.997054485501582i,0.673113941893718,0.739538789535952,49,1.15239292738256,46.7065630302694,SSp-n
188,589,2.44335176474663,-0.765974253829985+0.642871248750166i,-0.624257878509131,-0.781218344074996,52,0.644334688817059,91.3785175975712,SSp-n
254,552,0.785398163397448,0.707106781186548+0.707106781186547i,0.880362853238347,0.474300797635885,29,1.04804939223468,16.6861652081736,SSp-n
259,580,1.19483537292359,0.367166534736048+0.930155221331323i,0.0556427413220275,0.998450742569793,88,0.562051698435623,18.3512342664,SSp-n
198,586,2.37841305551906,-0.722641857147699+0.691222645967364i,-0.992619579153188,-0.121269827581915,8,0.271751973082916,50.6923635741954,SSp-n
205,625,2.01005852662298,-0.425271823264023+0.90506567515164i,-0.993137385142597,-0.116953555876365,8,2.47251230780699,71.5484458715993,SSp-n
182,661,2.05110905950964,-0.462056545285723+0.88685046595163i,0.999758074328995,-0.0219952907227691,0,0.303130780654043,118.780231396284,SSp-bfd
203,718,1.79966900016279,-0.226879738845456+0.973922781385371i,-0.995659276785738,-0.0930731140045323,6,0.337011749874206,82.2269877307854,SSp-bfd
226,648,1.73900309865198,-0.167414699655973+0.98588656464073i,-0.8865391978023,0.462653488866186,-27,0.244799429510471,52.8039966064229,SSp-bfd
229,777,1.63453963932758,-0.0637001542253379+0.997969082863627i,0.6488062097241,-0.760953679420401,-49,1.24926744406134,143.200567221669,SSp-bfd
324,701,1.10463616026725,0.44945948128966+0.8933007190632i,0.455199618419645,-0.890389413341494,-62,0.732864455441973,126.213211117351,SSp-bfd
136,639,2.4098016169855,-0.743978819867429+0.668203199325376i,0.810683855911498,-0.585484146467234,-35,0.642446992587139,173.908662223161,SSp-bfd
189,606,2.28070794525842,-0.651766743287986+0.758419483098748i,0.999710817447552,-0.0240474838256963,0,0.736723855929058,132.052891725518,SSp-bfd
181,616,2.27607439714853,-0.648245586072409+0.761431323323147i,-0.999944516313407,-0.0105339591201917,2,0.724560340547191,50.194105747423,SSp-bfd
241,618,1.61024952789194,-0.0394429667135138+0.999221823409015i,0.959728405889824,-0.280929505264536,-15,0.264647174648145,108.576190222621,SSp-bfd
194,643,2.03047570265667,-0.44366078809172+0.896194791945274i,0.0410509687966826,0.999157053701195,89,0.149518821570896,28.6903965291533,SSp-bfd
164,648,2.21730947467213,-0.602406905911872+0.798189150333231i,-0.985740580236065,-0.16827212625942,11,1.17794772482981,62.6448972272039,SSp-bfd
264,622,1.32581766366803,0.242535625036333+0.970142500145332i,0.664601647658981,-0.747197865313444,-47,0.321945164997394,124.31198438856,SSp-bfd
238,649,1.62681243033808,-0.0559868135479192+0.998431508271224i,-0.593276622258527,0.804998664273123,-53,0.280805845816986,33.1803873579637,SSp-bfd
240,665,1.60330519507692,-0.0325031425455816+0.999471633276634i,0.939339817888689,-0.342987910178834,-19,0.607781425148158,111.921639569949,SSp-bfd
257,677,1.47479603642541,0.095852900965303+0.9953955100243i,0.996249021815392,-0.086532574975408,-4,0.778064093339375,89.4637482380423,SSp-bfd
237,693,1.6171207774955,-0.0463078841158938+0.99892721449999i,0.977912855911507,0.209013028883369,13,0.558018382914881,80.5896760185269,SSp-bfd
179,773,1.84508913832508,-0.270866253107604+0.962616991813176i,0.873361286260659,-0.487072955173172,-28,0.228767504675649,134.864196740386,SSp-bfd
176,654,2.11645138132189,-0.518978134241764+0.854787515221729i,-0.999413937807404,-0.0342312856360662,3,0.266032676026184,60.6979597392452,SSp-bfd
242,667,1.58679496167124,-0.0159979523931322+0.999872024570758i,0.314520991101698,0.949250518122801,73,0.0252701281746819,19.248553149935,SSp-bfd
279,720,1.37664399881684,0.192934858785081+0.981211567535555i,-0.921275010647001,0.388911757031552,-22,0.3766167770555,78.2373062954173,SSp-bfd
264,750,1.47493717968488,0.0957124066442579+0.995409029100281i,0.834484073869111,-0.55103205937478,-32,1.14006924276146,117.945520842721,SSp-bfd
188,624,2.1699716497812,-0.563961646157533+0.82580098187353i,-0.999934106107303,-0.0114796970077222,2,0.732790398320543,56.3275354404855,SSp-bfd
224,678,1.71680858450617,-0.145493990494831+0.989359135364853i,0.944551863908831,-0.328362263949976,-18,0.537064861316266,117.535287815598,SSp-bfd
288,701,1.30082287004911,0.266705854978964+0.963777975946711i,0.599091929647648,-0.800680248183417,-52,2.13613489610865,127.726770804924,SSp-bfd
168,615,2.37632599832275,-0.721197663153546+0.692729334344854i,-0.937947760312129,-0.346776583588714,21,0.795966084603618,64.1368323659728,SSp-bfd
239,627,1.62955214951062,-0.0587220219514704+0.998274373174996i,0.712575522056887,-0.701595414298978,-44,0.480877346045046,137.921605536397,SSp-bfd
248,611,1.51289012154679,0.0578738495143478+0.9983239041225i,-0.73839195338423,0.674371798919128,-41,1.34059940967919,50.912395402884,SSp-bfd
256,615,1.40786986794452,0.162206600298323+0.986756818481464i,-0.99367789497089,0.11226861113517,-5,0.523713756193491,92.8888908160367,SSp-bfd
277,640,1.2459876779558,0.319127445945693+0.94771180917206i,0.455107788126951,-0.89043635437138,-62,1.02144182201977,134.317965551876,SSp-bfd
283,602,0.994421106203713,0.544988350595414+0.838443616300637i,-0.9687395932719,0.248079826723966,-13,1.12990110751741,108.659952288995,SSp-bfd
240,666,1.60304320923015,-0.032241294010958+0.9994801143397i,-0.683928674571925,0.729548879855414,-46,0.425034912373933,41.303801349758,SSp-bfd
321,671,1.03265992758021,0.51253667320726+0.858665335632943i,0.60313313238034,0.797640535971611,54,0.52075202718859,6.26167835273866,SSp-bfd
260,702,1.47112767430373,0.0995037190209988+0.995037190209989i,0.726448379833405,-0.687221035357199,-42,1.84560983172474,127.699937174886,SSp-bfd
301,721,1.26251297164562,0.303423369243565+0.952855843764881i,-0.946736499057053,0.322009318736576,-18,3.13799962135384,88.8788515712088,SSp-bfd
262,740,1.48013643959415,0.0905357460425186+0.995893206467704i,0.711612774377225,0.702571889092603,46,0.133488000671786,40.1718581312875,SSp-bfd
232,765,1.62455613533267,-0.0537339169233262+0.998555289491812i,0.327583163184985,-0.944822349014734,-70,0.651942802233857,163.958061321524,SSp-bfd
285,635,1.15556899123966,0.403397958441935+0.915024637441462i,-0.784115867992428,0.620614458067552,-37,1.00503198652793,75.429754512371,SSp-bfd
269,653,1.34926752217815,0.21972132399786+0.9755626785505i,0.986662504606941,0.162779304589857,10,0.809439613416156,67.939080476802,SSp-bfd
307,658,1.07326338788997,0.477259032019499+0.878762662131141i,0.958573739422482,-0.284844494574847,-16,2.87388898610627,78.0430159387485,SSp-bfd
278,691,1.34644965626825,0.222469452841162+0.974939660980388i,0.994648455834411,-0.103317226570504,-5,0.664604345309959,83.0761060609763,SSp-bfd
260,697,1.46793483713283,0.102680198170086+0.994714419772706i,-0.965211769717851,-0.261469385584877,16,1.87776525367995,111.050797392433,SSp-bfd
244,715,1.5707963267949,6.12323399573677e-17+1i,-0.972186680942461,0.234207295783205,-13,2.00533216591221,76.4550998089268,SSp-bfd
307,723,1.2358452190721,0.328722995110311+0.944426382777243i,-0.996134603823961,-0.0878399172613444,6,1.21575180977904,114.230636052018,SSp-bfd
268,618,1.26491745539004,0.301131367937097+0.953582665134142i,0.0659035949809144,-0.997825994935285,-85,1.82829804755519,158.695695051232,SSp-bfd
228,617,1.78097891345707,-0.208638471770519+0.977992836424307i,-0.559182361979021,-0.829044682783481,57,0.982674789553009,133.958153389109,SSp-bfd
210,624,1.96385434597683,-0.383015022700433+0.923742113571632i,0.23250355791556,0.972595545721142,78,0.645500773254639,35.9650772127691,SSp-bfd
288,659,1.21108932720994,0.352+0.936i,0.172503704292959,-0.985008868998248,-79,0.668581489280109,149.456885327655,SSp-bfd
262,670,1.43108745250573,0.139254831399099+0.990256578838035i,0.58916701283464,-0.808011281472918,-53,1.24242136369688,135.897351979169,SSp-bfd
277,675,1.32758757332433,0.240818181472769+0.970570246541768i,-0.659799387726677,0.751441792792697,-48,0.561897495517496,55.2194098693763,SSp-bfd
207,675,1.84213092430272,-0.268017444999017+0.96341405905052i,0.248085990534264,0.968738014790704,77,0.397276345376674,29.9106070966783,SSp-bfd
316,697,1.13593657411949,0.421283211125451+0.906929135061736i,0.37445431941414,-0.927245362712639,-67,0.668245602338714,133.09378102584,SSp-bfd
163,698,2.04970992534248,-0.460815270647057+0.88749607680174i,-0.781662220642403,-0.623701990393158,40,0.959026708777264,101.147252342286,SSp-bfd
248,750,1.55156792769519,0.0192272142313431+0.999815140029847i,-0.970597928037352,-0.240706589211014,15,0.557256555951418,105.029953685463,SSp-bfd
267,712,1.43631875681822,0.134072616058251+0.99097150999577i,-0.774949180752599,0.632023549601496,-38,0.775507587004622,58.5054225522113,SSp-bfd
237,713,1.61170915657034,-0.0409014170082284+0.99916318691529i,-0.945716083063291,0.324993984921915,-18,0.348351881643903,68.6906569582546,SSp-bfd
261,736,1.48339072843146,0.0872943482137265+0.996182561968408i,0.803383344542042,-0.595462174879683,-36,0.544125422555959,121.537614622253,SSp-bfd
200,631,2.02993946175713,-0.443180148025079+0.896432572141636i,-0.867701292595014,0.497085975288925,-29,0.4572721679953,33.8856399571567,SSp-bfd
317,698,1.13311690500565,0.423838773095342+0.905737652094156i,-0.91236809913111,-0.409370799749914,25,0.561285525707667,139.242499201923,SSp-bfd
284,715,1.34357535972851,0.225270795702621+0.974296191413837i,-0.961497722396217,0.274812899673374,-15,0.523019079925477,87.0679379108833,SSp-bfd
293,576,0.606605108594527,0.821588113591424+0.570081548206294i,0.869219470230677,-0.494426448091019,-29,0.51402085712398,64.3878493390818,SSp-un
284,578,0.732815101786507,0.743294146247166+0.66896473162245i,0.401354500193057,-0.915922794330822,-65,0.339882936071055,108.324330324392,SSp-un
277,539,-0.0906598872007451,0.995893206467704-0.0905357460425185i,0.783148147473105,0.621835170370287,39,2.16876852896415,43.6447014413489,SSp-un
317,606,0.71979899156641,0.751938255831923+0.659233539359494i,-0.226956828149898,0.973904819864928,-76,0.704992427142647,61.8765291131922,SSp-un
332,654,0.904827089415787,0.617821551931903+0.786318338822423i,0.0526942046340523,-0.998610695315239,-86,1.1284343204803,138.822218929201,SSp-un
296,572,0.523278322131975,0.866185586048601+0.499722453489577i,-0.242372548399656,-0.970183254742245,77,1.46245068849646,134.008251873549,SSp-un
279,562,0.519146114246523,0.868243142124459+0.496138938356834i,-0.481429123028883,-0.87648502525693,62,1.04425200106705,148.523663252104,SSp-un
268,574,0.927295218001612,0.6+0.8i,0.6518751759924,0.758326285265701,50,0.402496317149574,3.8132341114685,SSp-un
286,593,0.881871938580035,0.6357072528611+0.77193023561705i,0.1763557916779,-0.984326487879738,-79,0.331266702974081,130.369973689821,SSp-un
172,699,2.00077790413368,-0.416854056790409+0.908973429390198i,-0.97024923768652,-0.242108274886934,15,4.14351051184722,79.3748762754702,SSs
200,502,-2.40377759346933,-0.739940073395944-0.672672793996313i,0.723894159577427,0.689911041895758,45,0.364446182683197,178.650621530107,SSs
150,627,2.40643151505169,-0.741722686337812+0.670706684454404i,0.258588699251602,0.965987517838282,76,0.76988937767559,62.8647065214606,SSs
174,613,2.34910241051803,-0.702074182784828+0.712103813967469i,-0.35950390165542,0.933143582035761,-68,0.770550379655852,23.523921708489,SSs
176,519,-2.81543684134634,-0.947281032508699-0.320403878642648i,0.48756464042269,-0.873086892244691,-60,0.627158921276181,100.493286249301,SSs
165,530,-2.99084627246937,-0.988659264731004-0.150176090845216i,-0.575222548057717,0.817996956110466,-54,0.636089337410247,63.5219125539986,SSs
169,544,3.1149323052152,-0.999644633961771+0.0266571902389805i,0.89062718635235,-0.45473422449833,-26,0.14904276109528,154.479690371434,SSs
165,699,2.03698845956618,-0.449488036528443+0.893286351075513i,-0.853420594957884,-0.521222877569406,32,0.375276457560078,94.7034738566987,SSs
224,485,-1.90825239602268,-0.331087713029081-0.943599982132881i,-0.894020872553473,0.448025311158562,-26,0.25941390616313,97.2822518411479,SSs
182,615,2.27489261858395,-0.647345290395531+0.762196874175384i,0.745438825950421,0.666574044473424,43,0.547985835106085,88.5385504997782,SSs
196,674,1.9195673303788,-0.341743063086704+0.939793423488437i,-0.677370206030231,-0.735642307091267,48,5.02947819955113,117.378411589466,SSs
196,715,1.84144502568121,-0.267356577630458+0.963597665209775i,-0.800074751665253,-0.599900318176097,38,1.164201216624,111.355730617731,SSs
173,748,1.90270618332753,-0.325849241464685+0.945421742841199i,-0.500857768834044,-0.865529603998952,61,0.694026969867779,130.926200268063,SSs
205,640,1.94954214234598,-0.369755461249182+0.929129107754355i,-0.786914792565033,-0.617061673775265,39,0.608450842629055,106.401341651951,SSs
134,560,2.97939382012641,-0.98687458289775+0.161488568110541i,-0.169243755533025,0.9855742241014,-79,0.846390821652609,70.9628390735835,SSs
119,559,3.00642195494078,-0.990878342383945+0.134759454564217i,0.456399756447347,0.889774837987006,64,0.328818338317375,109.410322698904,SSs
206,541,-3.11528293633687,-0.999653919352847-0.0263066820882326i,-0.135030073813279,0.990841500526689,-81,0.434219421636044,83.7470768443092,SSs
125,620,2.56138716298513,-0.836350018485441+0.548195810435835i,-0.747321286584984,-0.664462861728904,43,0.220681394265374,74.8844566590408,SSs
117,627,2.55177517000217,-0.831042210277241+0.556209353335161i,0.147192760915001,0.989107825838123,83,0.746641473430689,64.6702253189657,SSs
160,682,2.11121582706548,-0.514495755427526+0.857492925712544i,0.871057259915462,0.491181483719172,30,0.306500003615105,91.5454898421945,SSs
144,721,2.08026337247099,-0.487712044614907+0.873004559860684i,0.656813346764371,0.754053199391254,50,1.61101967478347,70.2476024613046,SSs
171,702,1.99883558368974,-0.415087753912226+0.909781378437756i,0.0561348521795176,0.998423196030012,88,1.78659812883818,27.7428245527546,SSs
168,738,1.94070239425145,-0.361527854490872+0.932361308950144i,0.871828127392021,0.489811919299768,30,0.647174465140289,81.865836154348,SSs
163,581,2.69286930957907,-0.9010016697591+0.4338156187729i,-0.578972307742402,0.815347206328345,-54,0.706350884197141,28.9117535594458,SSs
139,604,2.60820538620139,-0.861089747450463+0.508452993732654i,0.623716444605282,0.7816506871544,52,0.414445834014607,98.0272005235462,SSs
205,459,-2.01005852662298,-0.425271823264023-0.90506567515164i,0.548418941672555,-0.836203721837421,-56,3.97220874827563,58.4264833866835,SSs
200,457,-2.04846170915765,-0.459707124982572-0.888070582352697i,-0.465694418756736,0.884945596259356,-61,1.33911895096146,124.876616672122,SSs
139,605,2.60117315331921,-0.857492925712544+0.514495755427527i,-0.486206533966747,0.873843925611457,-60,0.200800955814793,29.9446919572231,SSs
138,613,2.5514161404233,-0.83084246111004+0.556507686215215i,-0.00258381367238057,0.999996661947882,-89,0.362310555082424,56.0373348446136,SSs
117,670,2.35227294166758,-0.70432839761027+0.709874290504839i,-0.213243687660644,0.976999042820867,-77,0.12420334291722,32.4628031304443,SSs
117,566,2.95481884904707,-0.982608419258214+0.1856897800173i,0.0494988127760323,-0.998774182452552,-86,0.335583074447425,103.538583191423,SSs
130,570,2.90074619834838,-0.971136422266779+0.238524735293595i,0.0565060959724041,-0.998402254163099,-86,0.797935571493184,107.038771581169,SSs
129,591,2.73880170455014,-0.919970561413045+0.39198745660208i,0.0824198989642899,-0.996597692278442,-84,0.307902392241412,117.805896650375,SSs
135,633,2.4459526643823,-0.76764370475802+0.640876854431007i,-0.217737447834452,-0.976007378973407,78,0.45745351621197,117.281058353713,SSs
130,657,2.35182770572194,-0.704012266258404+0.710187812453653i,0.832660070940874,0.553784440247952,35,0.217158068198228,101.122770881849,SSs
128,663,2.33510057293879,-0.692034926427608+0.721864018083971i,-0.895173148080783,-0.445718560254271,27,0.3944998310947,72.6779136430298,SSs
128,673,2.29554023596518,-0.662943737082387+0.748669220325799i,-0.918973147269348,0.394320116907403,-22,0.617646648234298,25.2516545354383,SSs
174,435,-2.15012235849366,-0.547460063057996-0.836831810674365i,-0.241323710094671,0.970444674850732,-75,3.28865926677218,132.842383450694,SSs
175,457,-2.2526698156818,-0.630248693494555-0.776393318073003i,0.475155113644342,-0.879902050217882,-61,0.515354608819877,67.4379230163261,SSs
181,602,2.38057989936506,-0.724137931034483+0.689655172413793i,0.0592576075826078,0.998242723962256,88,0.275452865180462,49.7943820190108,SSs
201,580,2.4178446608316,-0.749329085481146+0.66219779647171i,0.19748342022143,-0.980306227021764,-78,7.29700513750458,142.857540154617,SSs
204,470,-2.07789483118723,-0.485642931178632-0.874157276121538i,-0.682526521814825,-0.730860826025966,48,1.25140255119398,13.9867871433436,SSs
196,492,-2.33578915950581,-0.692531828189713-0.721387321030951i,-0.695081034595832,0.718931398219042,-45,0.296583523160745,92.1354643568458,SSs
190,503,-2.51610761335056,-0.810679228399881-0.585490553844359i,-0.560989428604507,0.827822964766011,-55,2.04018865003287,91.7134019804688,SSs
187,513,-2.67095215158365,-0.891278030761086-0.453457243720553i,-0.740696045915053,0.671840284268371,-41,0.407304063314605,69.1749726336283,SSs
146,571,2.85388467004152,-0.95889676515414+0.283755165198674i,0.379615632805843,-0.925144297571692,-67,0.708247999117564,128.79432929498,SSs
188,655,2.03089785136866,-0.444039076025308+0.896007421265354i,-0.91680246358633,-0.39934101061879,25,1.11533853006486,87.1751128278951,SSs
205,467,-2.05031561878749,-0.461352736641989-0.887216801234595i,-0.593708702174579,0.804680046330327,-53,1.0034372876373,116.104935323634,SSs
187,514,-2.6849871816973,-0.897554326437415-0.440903879653467i,0.307532469127689,-0.951537587503629,-71,3.0487098209674,81.7490219343271,SSs
189,508,-2.5879113313828,-0.850594569546038-0.525822097537551i,-0.671684731985789,0.740837108153458,-47,0.987811772431525,79.5263761977726,SSs
181,544,3.10985728006134,-0.999496475295367+0.0317300468347736i,0.438437658109973,-0.898761603513992,-63,0.797315652279878,117.822542964449,SSs
163,588,2.62510964889307,-0.869561334052891+0.493824955141148i,-0.542001304541649,0.840377644797356,-56,1.46972984280344,27.587723128044,SSs
165,639,2.25427612271147,-0.631495005912171+0.775379943968108i,-0.00851617286744773,0.999963736742334,-89,2.83422429915539,38.6725610273812,SSs
217,463,-1.90012249384273,-0.323405480371896-0.946260479606658i,0.126845610957802,0.991922472263202,84,0.829961520567691,168.418350546288,SSs
201,466,-2.08568110319912,-0.492434567509927-0.87034946815708i,0.967645840117468,0.252312362169115,16,1.43973564733367,134.115112784034,SSs
196,476,-2.19959261321033,-0.588171697675046-0.808736084303189i,-0.596068426881869,0.802933640143801,-52,0.672977417035043,107.3837912528,SSs
206,482,-2.135365720463,-0.535052081184345-0.844819075554228i,-0.765169425271127,-0.64382897622758,41,0.496944541791134,17.5746236921365,SSs
139,494,-2.71281462614378,-0.9094744755858-0.415759760267795i,0.970407852071421,0.241471738798004,15,1.52329649352886,169.406248541474,SSs
162,515,-2.82350508647339,-0.949835269284275-0.312750637447261i,-0.684670941795131,0.728852318005073,-46,1.16254999619414,65.0153410318646,SSs
169,535,-3.04852892486538,-0.995672695731397-0.0929294516015972i,0.0406060604408162,-0.999175233808103,-87,0.259685265509815,86.9950368368883,SSs
137,569,2.89441619180382,-0.969607113055064+0.244667215443801i,0.0577124384066746,-0.998333248195789,-86,1.31413443841985,107.470685564932,SSs
161,600,2.53167575051273,-0.819695618538732+0.572799347894536i,-0.0643319987893087,0.997928551516477,-85,0.241122568440135,51.3658363844732,SSs
139,598,2.65163532733607,-0.882352941176471+0.470588235294117i,0.0854780792559681,-0.996340051371373,-84,2.4633443922796,122.976003785606,SSs
164,617,2.3884413726276,-0.729537204140085+0.68394112888133i,0.277886163583781,0.960614012019754,75,0.940855553851936,62.9816950401923,SSs
174,595,2.49353576765928,-0.797258241145445+0.603638382581551i,-0.823401687491282,-0.567458950970473,36,0.402523339468669,71.7041445308742,SSs
189,673,1.96829453246441,-0.387112820860414+0.922032355140259i,-0.694409398314755,-0.719580146705105,47,1.14368665443797,113.244857895953,SSs
188,629,2.14271452665616,-0.541245989292116+0.840864304793109i,-0.682794507863139,-0.730610470792702,48,0.125980927559539,104.16909733406,SSs
187,631,2.1404282937853,-0.539322164845175+0.842099520547729i,-0.137136655290358,-0.990552137838172,83,3.9012413615727,139.480301897449,SSs
171,673,2.07919016725032,-0.486774850877554+0.873527472122735i,0.511360884434949,-0.859366072096116,-58,1.43470268355596,178.374301232675,SSs
184,669,2.01215463410354,-0.42716800255593+0.904172272076719i,0.28311117506967,0.959087098521647,75,1.10686215527597,41.7339457209292,SSs
162,706,2.0344439357957,-0.447213595499958+0.894427190999916i,0.795437314307181,0.606035872707036,38,0.322327333126767,79.2616317892172,SSs
182,588,2.50327284558075,-0.803098028233802+0.595846924173466i,0.137874462728362,0.99044971226578,83,0.24384097952812,61.3518381978542,SSs
128,661,2.34342922616569,-0.698023010135096+0.716075329362728i,0.404403958726187,0.914580471126838,67,0.323644913204542,68.1223857687011,SSs
135,704,2.16306026818476,-0.558240796507426+0.829678981965166i,-0.485893090144625,-0.874018252068976,62,1.37544428497839,116.994773974121,SSs
160,632,2.32172538919284,-0.682318250360011+0.731055268242869i,-0.956555111222171,-0.291551572101302,18,0.182969996832556,63.9258032451882,SSs
174,636,2.21088447955664,-0.597266145998167+0.802043110340396i,-0.0835977879855532,0.996499578446435,-84,0.301897854647516,31.8789526308366,SSs
